[{
"date" : "2025-4-1",
"day_" : "화",
"is_open" : 1
},
{
"date" : "2025-4-2",
"day_" : "수",
"is_open" : 1
},
{
"date" : "2025-4-3",
"day_" : "목",
"is_open" : 1
},
{
"date" : "2025-4-4",
"day_" : "금",
"is_open" : 1
},
{
"date" : "2025-4-5",
"day_" : "토",
"is_open" : 1
},
{
"date" : "2025-4-6",
"day_" : "일",
"is_open" : 1
},
{
"date" : "2025-4-7",
"day_" : "월",
"is_open" : 1
},
{
"date" : "2025-4-8",
"day_" : "화",
"is_open" : 1
},
{
"date" : "2025-4-9",
"day_" : "수",
"is_open" : 1
},
{
"date" : "2025-4-10",
"day_" : "목",
"is_open" : 1
},
{
"date" : "2025-4-11",
"day_" : "금",
"is_open" : 0
},
{
"date" : "2025-4-12",
"day_" : "토",
"is_open" : 0
},
{
"date" : "2025-4-13",
"day_" : "일",
"is_open" : 0
},
{
"date" : "2025-4-14",
"day_" : "월",
"is_open" : 1
},
{
"date" : "2025-4-15",
"day_" : "화",
"is_open" : 1
},
{
"date" : "2025-4-16",
"day_" : "수",
"is_open" : 1
},
{
"date" : "2025-4-17",
"day_" : "목",
"is_open" : 1
},
{
"date" : "2025-4-18",
"day_" : "금",
"is_open" : 1
},
{
"date" : "2025-4-19",
"day_" : "토",
"is_open" : 0
},
{
"date" : "2025-4-20",
"day_" : "일",
"is_open" : 0
},
{
"date" : "2025-4-21",
"day_" : "월",
"is_open" : 1
},
{
"date" : "2025-4-22",
"day_" : "화",
"is_open" : 1
},
{
"date" : "2025-4-23",
"day_" : "수",
"is_open" : 1
},
{
"date" : "2025-4-24",
"day_" : "목",
"is_open" : 1
},
{
"date" : "2025-4-25",
"day_" : "금",
"is_open" : 1
},
{
"date" : "2025-4-26",
"day_" : "토",
"is_open" : 0
},
{
"date" : "2025-4-27",
"day_" : "일",
"is_open" : 0
},
{
"date" : "2025-4-28",
"day_" : "월",
"is_open" : 1
},
{
"date" : "2025-4-29",
"day_" : "화",
"is_open" : 0
}
]
