[{
		"id":	"admin",
		"password":	"1234",
		"name":	"집주인",
		"age":	25,
		"phone":	"01025802993",
		"addr":	"18",
		"messagecount":	1
	}, {
		"id":	"saseo",
		"password":	"1234",
		"name":	"사서",
		"age":	25,
		"phone":	"01025802993",
		"addr":	"18",
		"messagecount":	1
	}, {
		"id":	"5",
		"password":	"qwer1234",
		"name":	"성규",
		"age":	25,
		"phone":	"01025802993",
		"addr":	"문문화동",
		"messagecount":	1
	}, {
		"id":	"3",
		"password":	"qwer1234",
		"name":	"이단비",
		"age":	49,
		"phone":	"010-3339-4440",
		"addr":	"강원도 평창",
		"messagecount":	1
	}, {
		"id":	"10",
		"password":	"qwer1234",
		"name":	"차수빈",
		"age":	21,
		"phone":	"010-2121-1212",
		"addr":	"서울시 강북구",
		"messagecount":	1
	}, {
		"id":	"ccnk4",
		"password":	"qwer1234",
		"name":	"조병훈",
		"age":	10,
		"phone":	"03033030",
		"addr":	"김포",
		"messagecount":	1
	}, {
		"id":	"ssddw",
		"password":	"qwer1234",
		"name":	"장하경",
		"age":	30,
		"phone":	"33330333",
		"addr":	"대구",
		"messagecount":	1
	}, {
		"id":	"9",
		"password":	"qwer1234",
		"name":	"최용민",
		"age":	30,
		"phone":	"1111-23323",
		"addr":	"김포",
		"messagecount":	1
	}, {
		"id":	"teemo",
		"password":	"234",
		"name":	"김티모",
		"age":	309,
		"phone":	"30303030300",
		"addr":	"탑",
		"messagecount":	1
	}, {
		"id":	"sion",
		"password":	"020",
		"name":	"사이온",
		"age":	30,
		"phone":	"03020202",
		"addr":	"보통탑?",
		"messagecount":	1
	}, {
		"id":	"shaco",
		"password":	"234",
		"name":	"박샤코",
		"age":	303,
		"phone":	"202044040",
		"addr":	"탑샤코",
		"messagecount":	1
	}, {
		"id":	"123",
		"password":	"123",
		"name":	"",
		"age":	0,
		"phone":	"",
		"addr":	"",
		"messagecount":	0
	}, {
		"id":	"\u001b[B",
		"password":	"",
		"name":	"",
		"age":	0,
		"phone":	"",
		"addr":	"",
		"messagecount":	0
	}]